x1,x2,y
-1.1962799072259724,0.8707677326331101,-0.317149266492571
1.064926517820257,1.1801459533433347,0.15210512467266396
-1.4867815500666024,0.03740338235893522,-0.5724575266815386
-2.228965361757001,2.076107313570525,-0.2953207253872818
-0.16947716779124308,-0.047620601985854466,0.24954237243125063
1.3218189204652961,-0.6190163251012044,0.028842805867668853
-0.9220463236176992,0.4502384485583247,-0.5778224443860707
1.5478411212735301,-1.3743796689441088,0.7269328540749889
-1.4572121967355065,0.2211474499386038,-0.02775250185654135
-0.8477578550606336,1.8692683763882003,-0.06382001593252565
-0.9134743540823813,-0.8803801191618281,0.508302636044279
-1.9680948623483798,-0.16023558746129474,-0.27101879075679736
-0.7996440100941004,-1.6689776705235055,-0.26681750028370843
-0.5936661285892899,0.1272087996463863,-0.3969076113940796
1.6118084791564113,-0.33569903286059494,0.4486375489393779
0.5831052541075351,-0.1693249343086649,-0.7798761534280249
0.7831716599702823,-0.6094133096534384,0.2644656412766593
0.42593180968264033,0.8275140874724074,0.5974803872453762
0.6606813199656836,-1.3407022354768672,-0.07212424899300962
0.5258083944851487,-0.11011128798803478,-0.5985093772652654
-0.39027522983945245,0.9932662704866903,0.4129404616981081
0.14370556569489157,0.526301021075597,-0.4686431139747246
1.2084749445574605,0.4364883172128205,0.38010173646072054
-0.6331694580985143,0.34582076170562376,-0.045800474586382846
-0.23867620606175732,-3.307055829026681,-0.47546372226222566
1.270293641749788,2.5710493317656056,0.5080783203567398
-0.5274621879221353,-0.5473836272931769,-0.7111662939129653
1.0105397072419524,-0.9961159283040182,0.3953106693678028
-0.6453226699052473,-0.5002418196066015,-0.09470772145857986
0.642866874969055,0.17623529262925142,0.12027556860697307
-1.1977812570710473,0.2491063379654281,0.6567462759764445
0.15722081272854485,-2.4300765406199183,0.4084400606706512
0.3935554502351834,0.43531258108288673,0.4150487214937134
0.08650040961976851,0.025425668258279428,0.36472048696428955
1.4208203075840347,-1.5794135969359417,0.044946364462551736
-0.023969728844254277,-1.304977114845743,0.30076994756726283
-0.31391421433590566,-1.247014885271034,-0.6510820164941999
-0.04992622571735066,-1.060658266147273,0.15826204947050024
-0.04009644413124631,-2.3989335540201675,-0.43045715241701477
-0.7508892700822181,0.4680078357583338,-0.3083200330195773
-0.06583469835724495,-1.0032107690659189,-0.0714805359136105
-0.043433121649867186,-2.1077935143227418,0.22833362187551348
-1.4934328783223496,-0.9212576104045656,-0.4703933247775694
1.8118957506718276,-0.25498772160801914,-0.5329511688628704
0.09265674759283139,-0.14566111858160272,0.26040508164004866
-0.16976189679862488,-0.26649915060765345,-0.1180407877383241
0.07407422286229995,2.036197127920172,0.7832930357520034
0.5676937543256249,1.2004910130505762,0.5489026438723228
-0.8315863175204286,0.4926955584327869,-0.23781721170754333
1.0270556840352019,-0.16849872625270643,0.37428436267986986
-0.06702158292128382,-1.6157520649513528,0.24879577820372076
0.7932663193207314,1.7050312707633333,0.44270414139462816
-1.4572967243900379,0.18280601244837485,-0.2961144376488514
0.30850523602044927,0.3299210328618506,0.14950389081889723
-1.3835149680884782,-1.4107508231896504,-0.7450754367072532
0.8311064918610823,0.02833898934431461,-0.3487474744337367
-0.3028646536233057,-0.0685622270067585,0.33168337891426347
-1.3219095831290462,0.28139930254689405,-0.013862587370011448
0.4937192277772788,-0.8821089166868389,-0.4077498399819883
0.14588449878670726,0.6217501044187448,0.24313187688192386
0.10278699687384169,0.007048856867143547,-0.05985464938995213
0.08694700138864091,1.5850626507239176,-0.1882934504347192
-0.801139053412792,0.39489030282879584,-0.2543809076111869
0.6804436665619051,-0.8009785397977701,-0.7215285180354327
-0.927872534756965,1.1637203235678155,0.25339537556594804
0.153985929534937,-1.3141495330780864,0.04251829637475421
-0.5409597333073987,-0.23078729791391883,0.18175375623753606
-0.06597569461530313,-1.3044957910494048,-0.46440960348886157
-1.6634265338276182,-0.5608666024427633,-0.4374642284279597
1.6642539576581348,1.3680723527844132,-0.2596945561894908
0.8974841155948539,-0.1428780040171863,-0.14978877963898093
-1.6213026458403375,1.2262384045262371,0.26805951599230365
-0.07336823208836865,1.6596370858976006,0.10132625650831445
-1.5227972571677642,0.4485430446840528,-0.7861984716871104
0.6139431910266955,0.3776549115279828,-0.008120813091349044
0.7812946326152184,0.4368887108057039,0.3594729571052204
-0.3962294927064017,1.0531431964307898,0.8459860790882491
0.486667823753561,0.48565756802176213,1.0841939708597312
0.1932755241733607,1.3145341344257642,0.011728867498708023
-1.1905888665403497,0.5880287011306343,0.24657272397980348
-0.2843382120480135,0.18067814117943473,0.6571799508209857
1.129536502021477,-0.6047838135649247,0.26683680081585565
1.3674818436159393,-0.4549262927030009,0.15818546474846684
-0.42557067254279873,-1.9060825680757947,-0.3954206636689138
-0.3352547448472811,0.37347966077941586,0.07295449475891874
1.0158772861858967,1.4837112495150258,0.11313601966977416
-0.19899549631790275,0.7411132794987003,0.20342627844038808
-1.193826016208522,-0.31444903147261055,-0.08772129682507526
-0.9914889977891318,0.2897081577002237,0.012028848663229258
2.0943768429477028,-0.10789547481328587,0.5042148692026989
-0.42816355975182807,0.5403461951861697,-0.2573862708340019
-1.9045609950802649,0.9329135073649631,0.04184816214856085
-0.005677424504362013,-0.03007599005250246,1.1674316274034624
0.7598349658008587,-0.24655386794439893,-0.316116929353259
0.9499786247335896,-0.15210431772277577,0.5196241593049117
-2.1779904550169604,-0.5501493298858791,-1.0216953514723686
-0.408897831111372,-0.11107304273121525,0.5819825398985989
1.3980296432596928,1.0776756543808141,0.206455404027526
1.5324116737175446,-0.23892195297566365,0.34509401143607754
1.8023671878116527,1.0130369151287442,1.168726163397048
-0.1953820002518961,0.10292654550043966,0.4327449601686051
0.8472200245581989,-0.940508686477223,-0.43209393672105334
0.921616656122595,1.8019831582512136,0.21349798929316788
1.5976587843263577,-0.6856124518536592,0.9289226122098357
-0.3881585031688618,1.8023959774863605,-0.6840892211816008
0.41902678822457234,1.7686787749569044,-0.1777274865334193
1.069743715886764,-1.0924443281149627,0.6716619481190756
-0.7713586352290491,-1.186013010178167,0.287992179461031
1.3521196427182969,0.41194010640375034,0.1476779339668322
1.4779209491105474,-0.16218899310633803,0.25370277572052885
-0.4667467167716284,1.1132777370803526,-0.166223091164992
0.1545001083084675,-0.5040470438209458,-0.019647951969980686
0.1112962306762984,-1.1397519374502232,-0.49027830770716835
-0.3190632854359918,-0.02126931148806929,-0.25098851671422023
-2.27728884087531,1.149808914775034,-0.06787176338263085
-0.0697284876507416,1.2647036107744594,-0.8800257912205357
1.5947115069454783,-1.0349069674993179,0.7684007253658075
0.6204202835571989,-1.4413107393140876,-0.3363912774781904
0.9577669570814255,0.28810713358368795,0.554889128697694
-0.7559048369798367,0.37030447874796907,0.158216968867203
0.32046153298860097,0.7138846594604149,0.2849275061176069
-0.9878036352631709,-1.0144887744705617,-0.6574367068120368
-1.628152610879733,1.4740907549669071,-0.471533898944562
-0.636822268257852,0.18915056620370999,0.7670665286310464
1.328190761388527,0.605510414472048,0.5040983769566403
0.558324412027687,0.6754404196473713,0.1856441469476684
1.9605487884130484,-0.6218817691155617,0.4831631284097069
-0.47883157160745066,-0.10741301832598485,-0.02997516855400524
0.29148171856294375,-1.4855692259043605,0.1100453220698024
2.9789010712318436,-1.7315885660640833,0.30947280262426036
1.4567569372080111,-1.2829196839610808,0.10631453686039023
-0.06439485545313062,0.7607696203620284,-0.18580887872259516
0.34269062910218984,-0.008299988237508712,0.12365063815219157
-1.0050583177239878,1.6157880379419665,0.01017262843334421
-0.45621847003339683,0.6018032389419112,0.23861238012419436
-0.12375372110163411,-2.6068375312984164,-0.3356112376715443
1.9378035851507496,1.052749744237434,0.6537636475898205
-0.8183967457220569,-0.8720825026717868,-0.529434176881596
-1.2467274714429972,0.4290145184797999,-0.40379018032078484
-0.22836927440271232,0.10504240642503551,1.126914617867201
0.6618325696442552,0.06900747492998481,1.067030756345019
-0.5316907390765274,1.0216095741109967,-0.6294885303191513
-0.4204578007138468,0.9035885371161735,0.481439563005037
-0.49472791040236325,0.2024935094674887,-0.12875083016254324
-0.049348428624922704,-1.7040582775156001,-0.07292971666639082
-0.5872650512788524,1.0817351677661378,-0.4545985182459808
-0.7937523826905871,-0.19775921233915686,0.038348904855877414
-0.20311675809782584,0.3927367965402237,0.3359975120770347
-0.07695761623246548,-0.6000620617204696,-0.3175511058734537
0.19961288912082403,-2.3352416576359394,0.43607116167322246
-0.5987074735180834,-1.3610413023039503,-0.04250364835052925
-1.449182115011834,-0.4011383654307638,-0.26321241570053205
0.06986111800129755,-0.847873701139229,-0.8750200344690188
0.6989022353975327,-0.30373801716519244,0.46093298622499734
0.03014692644405381,0.7342849559268461,0.5059575140608387
0.9079346580480444,-0.4184907314447495,0.4966234542439696
0.5439194163125886,-0.6305637627243458,-0.4606602786304269
1.3191453656855763,0.10779687225190977,0.3021600947973538
0.9154195974342065,-0.36067262274629897,-0.5171955383433007
1.4036135146414408,0.7477623090606509,0.40035015292962617
-0.4004704688183945,-0.3552546446129406,0.10316311154012153
0.22946216117424595,-0.525007966558315,0.03669777352173146
0.6773460236036586,1.746108211461161,1.168237298455483
-1.1983938225197317,-0.4099542201335777,-0.08162706193916369
3.043515566226731,-1.2813619036754835,0.47028323482242346
1.2369674061558114,-0.301965560191164,0.6346317516357503
0.8071005480980561,0.2059253408698571,0.013117682387674467
1.3716375644933598,1.285609231667469,-0.12020130864415013
-0.5399769249660978,-0.44430202681214637,-0.27301784540034846
-0.8877297655641442,0.2684472767607338,0.169469908675687
2.3740375102021676,-0.5289501328668244,0.5105912214029638
1.2765141321840168,-1.9886435582142052,-0.8459807685329424
-1.3941137737667586,0.5186512782815302,-0.5500195615466186
-1.3048137651853056,-0.2455766975197852,-0.2533260115358919
0.8131708124569043,-1.2019083833984496,0.43628416986798363
-0.5054683135088011,-0.9501738004746204,-0.7278664733893971
0.8671617527515022,-1.1574345640797021,-0.3527896919924533
-0.7585290988219451,-1.1791261690843955,-0.5072590812776631
0.7890961089983233,2.758196205715956,0.17820646404393214
0.1692043173882714,-2.0677056699717893,-0.08193642261004222
0.6016634279460794,0.3720675505773962,-0.16083391654036788
0.9522635803265311,-1.8215241054908171,0.030723451611112108
1.3717314471351072,-0.18444460269091498,0.9573045759272695
0.5638099769018257,0.09421135936256662,0.17370909428747713
-1.863404181702585,-1.6612703875742367,-0.9607671785278735
0.4396023172865848,0.8442142373513543,-0.6225894453613285
-0.4879377457327489,1.9064482521817177,-0.16134495587139808
-1.5920803465582036,0.4825564973259351,-7.208263019971017e-4
-0.14390300579889947,0.15845761475299613,-0.09868958872722466
-1.2626427929735047,-0.430818798826937,0.3308893048557887
0.6147273016627816,1.1040201653142658,0.5937028692311118
-0.654593583534747,0.9622405472221214,0.5961901483111631
-1.6745570675558892,-0.39012661766582885,0.19650262513488137
0.4225534098923636,-2.121234995421557,-0.7135390037705154
-2.6574916724184283,-0.5736298706900806,-0.606884224337082
0.2919220707638288,0.2952981158957629,-0.25907449913662095
2.2188507257963863,2.0480235976392986,0.8918399088872755
-0.9411175816836989,-0.4186376984634437,0.45550369760845366
1.079098288317403,-1.1444020536703052,-0.4641991562701131
-0.27483697585672096,-0.6555665666058292,-0.10097560794767668
0.935521053326372,-1.6640846476287692,-0.4397718263078418
-0.6049729201953787,0.7793574656193335,0.6690395383655783
-0.7551435759648185,0.8317485801384751,-0.1960244498488175
-0.7672288216013744,-1.2299020034683328,0.24184267042052532
-0.1345957978286158,-0.027285502401739666,0.5822374788225708
-0.4178392383646893,-0.3499749494771065,-1.5374634468860569
0.060486747272196786,0.854520221611215,-0.5302090455563027
-0.4567812614906298,0.7615502575298624,-0.6465444558607394
1.032976738399832,0.223977616928044,0.6271556244630595
-0.5738262885476553,-0.5994723599514179,-0.004640507664234239
0.775869021724704,-1.8607983883704247,-0.4327478223847052
0.060011845093236676,-1.0618349980478596,0.15048769014058994
1.114600226404408,0.07844748484169518,-0.36517155998513295
0.007375240141932841,0.508414010106274,-0.34498799787513384
-0.08471831713613973,0.27524922429680776,0.20788283140192285
0.7929819132169237,-0.6203001542304347,0.013126812770495697
-1.411971716051655,-0.8602991210555553,-0.35689257013573616
0.6714848976903891,2.941564836800944,0.8101508218362876
-0.22392143623624863,0.5183235026932,-0.13825499595598728
0.1098920335221238,-0.30847549692815385,-0.37423514451429357
-1.1286070365654832,-0.29968366297344473,-0.4877833660294283
0.9989701513320421,0.5847473245980656,-0.1607420686529617
0.05712521580632493,0.8601225774920357,1.021276894742936
1.8933743573507535,-0.2693840481042566,1.1198943110213584
0.018631841731252693,-0.36100184961464277,-0.28791461267142227
-1.7182693817729728,0.687596574758433,-0.6298059313147459
1.707620853939817,0.9856561093598964,0.7241550494138773
0.8594646609358586,-1.384325741233939,0.06184345477387804
-0.11596513830001608,-0.14743812880769844,-0.1592628102205263
-0.3972416942936439,1.0871003897012808,0.22454108769341058
0.013122918545135353,0.10884997060386004,-1.0249996491347237
0.22585514270390436,0.30536774859235777,0.1991721133009417
0.991299436199999,0.09511968778527093,-0.12031716431133008
-2.285780062310696,-1.8430365149849868,-0.6181798948701858
-1.143782751646495,-1.2465383519679196,-0.6168966828377351
0.707658586493021,-0.63492152305979,0.19653053733817588
0.6901495059937035,-0.5964716165691182,0.14288926089250392
0.3905608859486762,-1.1246413528562127,-0.0787209106446647
0.15811539981885703,0.34165306551000096,-0.07792151425007562
-0.41323624201692993,-0.6806627166348544,-0.029030357884041236
0.6524336601850713,-0.27677050596272074,0.6424115629021151
1.0422245449478105,2.187871835855761,0.06839092843828709
-0.5229703997434483,-0.5393086326128951,0.031271887934701786
0.5177981529131878,0.31939764054769904,0.24492887134968155
0.7984992920512858,0.11498347531522632,0.16714429397518393
-1.2539633990695418,-0.6500052406335661,-0.6463776513744166
-0.2881176769338419,0.679424452900358,-0.715969042796129
1.260926906810092,-0.7087059195931612,-0.014096883075418704
0.9013333347256727,0.5222935745372604,0.10193850912781388
0.6391764994305875,0.2764957923102731,0.9435225132438227
-0.937115418669213,1.030450634732867,-0.3802122459783738
1.1582136876688367,-0.5672123166346695,-0.10701070266391852
2.550136621855876,-0.23972266007181076,0.47668073575989506
0.8994143998705535,-0.87397483978434,-1.3220528131539486
0.12564447220946726,-1.0055794499962338,-0.18868941867383218
-0.6916049247789614,1.3480291054312417,-0.4497736298739122
0.47768410085869967,-0.44165949468448057,0.45064199999981963
0.8302006750001913,-1.0170811418294532,0.9036648010878336
-1.2220202495723862,-0.40534993902381117,-0.7465076928903918
-0.8228785223962259,0.2410452520044744,-0.4137073421634624
0.5429406692051022,-0.9340715459961582,-0.20799142834719095
-0.635559364758849,-1.2439788986465556,0.04024287120909503
-0.4992519030014068,-0.7191493333944551,-0.8765569143528609
0.13260466440538177,0.9206984715222662,0.19094675915231424
0.4524462548483419,0.23864283021627328,-0.09401901548295637
-0.491447839926175,-0.3350414530451077,-1.1308804775230883
1.7204901391444387,0.15873933382305297,-0.035577399843786384
1.202608581168383,0.046668424584118566,-0.10085703004002178
-0.3413115470955357,-0.5555962107260136,0.18279697780384488
0.6057728036991692,-1.6927829891327604,-0.21597605118937813
1.0699306807561582,0.7137569099010699,0.5468000355571689
1.0903420777545614,0.35962280923486556,0.720824255818099
-0.03920711467032786,0.21832288742886102,0.005946229415391932
1.138828209410853,1.2667024794671562,0.6570087603357742
0.12790032270410562,-1.1097191474557637,0.3145443345457486
1.458280734279983,-0.19451954067451271,0.2704542957723197
0.2523817496572096,1.0595856453094943,-0.12649537226152804
-1.017347655781887,0.18611951523868966,0.3322279836756379
-0.0013539511802226159,0.6175903428477139,0.14892851340093816
1.170143577667745,1.8246512888817332,0.5042964799820695
-0.12012319198503463,0.2160823109997117,-0.26534714448424646
1.305709995508321,-0.9842197339220182,0.2589634346509833
0.029931071031830955,0.966022288806327,0.10738141181293524
-0.11384032531545735,0.1170029216999222,0.14233470388293828
1.631390536832657,1.5675717882404043,0.7937474526422226
-0.5544194124986541,0.18530361981504656,-0.14339542411940576
-0.40183071831848943,-1.1791984446610329,-0.6058413180822644
0.2605473599480472,1.105606968473721,0.10121908530863308
-0.7099793301864414,-0.8763516092553406,-0.052884203178996836
0.44136790702657364,-1.4937642331495273,0.3273810806898391
-2.084962488109295,-0.8733477927595837,-0.6721958836843214
-0.23877387149948714,-0.8497065540525124,-0.4519172777983388
1.5558862081542701,0.10980712028370317,-0.02187927115052335
-1.03739046767376,1.7084956743664725,0.16799736979769664
-1.0804401802849362,0.03404737395054806,-0.15991790886738716
-0.6138137521913142,-1.490297525207906,0.318418143909325
-0.38231258799283835,-0.07043453725735578,0.3612669664809618
-1.6647389155952905,2.403641374405285,-0.015236360144450484
-0.18006161356059014,0.7386330948294653,-0.1423344838083545
-0.11024369271078685,-0.00849820362927,0.17984997628966162
0.4622321358300494,0.6173523732209504,0.9453013170603337
0.9393106324946119,-0.33964497313251896,-0.5061229630761809
1.443162596040796,-0.40479718294688727,0.21455354657102085
1.5026191198143102,0.4081085429172371,0.596744570730339
0.35396546357374625,1.0721506207210356,0.5788299621809188
0.2721598673173863,0.1934424464352632,-0.007052594300415771
-0.7856107222445495,-1.0176535055802087,-0.38289666784858634
0.6804925864188471,-0.5192291205776177,-0.2794897995446456
-0.9726446551009096,-1.272116647255289,0.2220556031805404
0.4479107159527183,1.1835048983504897,0.15552022521333886
-0.6091849210567111,0.2704068882768882,-0.6308638100003208
-0.3995941090398632,1.411206329927638,-0.2322343161791765
-0.5193495724363855,-0.9866931538341863,0.0855620566630369
1.2869446499377664,-0.053275849281742206,-0.2426673561389065
-0.7021040605749961,1.1491667921206494,0.8362030316595398
0.8680639414960902,-0.8570554484924041,0.3170948911176047
-0.5562745481939148,0.287005080508488,0.06707727850723881
-0.08477311700050125,0.08751586964556282,0.05910888765542289
0.19575210228988799,-0.9103783655220582,-0.28000642533163267
1.8875002663132052,-0.4256397529785981,0.03494093813261778
-0.8587312421180624,-0.3106548853728809,-0.42879522735350317
0.7566272339390062,1.2646269274108894,0.12429052488980544
-0.7355615318840361,0.6345688326155389,0.38680281030707103
-1.1095668563216303,-0.6524781349992737,-0.29942280036221985
0.9531526309813426,0.022666782339727243,0.22353498374999664
-0.6045101088130687,-1.359337941152361,0.06317094498922426
0.6125689719726239,-1.0157108249982494,0.16284996083902742
-1.478375470698424,-0.2511668161830316,0.03972004869971374
-0.5191738057814533,-0.005679111478699467,-0.265207463873429
-0.21966431137162085,1.828061333062898,0.04426855632212595
-0.6752087354349783,-1.4107131698323319,-0.11916786338246155
-1.4551007333196588,-0.3064041152905736,0.10479934759674536
-0.30484319499100476,-0.8094506021835438,-0.3477293296022694
0.6666115932240804,2.2787425232388516,0.4107051211031014
2.4552710339907318,1.6795464658496402,1.066258592177049
0.4872397898189496,1.5917895276586114,-0.24819442825902172
0.6545767059175812,0.45616928601573953,-0.2410672568890286
-0.517957448339269,-1.2255557352409157,-0.07371878938410986
0.5972815502100125,0.9111840157585029,0.1894637578810388
0.23031646410453074,-2.334279144981979,-0.18503469854326857
-0.686741093263743,1.5950590887095275,-0.027477612540717747
0.34385676854168,2.907821680282379,0.12699460149442876
-0.7445084216748363,0.39600056249406484,-0.12820862957452236
1.5833851231578402,0.42981329206830854,-0.07034843541822777
-0.7340513125985948,1.779894050668697,-0.5299366498362896
-0.36271032213961796,-0.40531070551616305,-0.13312506944768118
-0.014863876475488784,0.424385814331926,0.002983743256291943
0.9296589339333978,0.33813318121394886,-0.03530839791589657
1.8353832518311917,1.0916021332754442,0.3986056409120874
1.16018685435589,-0.4125825413897723,0.25882749089019547
-0.8790711849152462,-1.5572839338196771,-0.33503653516231907
-0.7278470747305381,0.7945993114423602,-0.2980033081954353
0.3759015023010464,0.11051941971232107,0.1297018939913568
-0.18526375321259494,-0.3699609233516366,0.1128573193622624
0.21658758025998967,-0.09047331460914813,0.4511268904389463
-0.7827437559936891,-0.5319596487968546,0.5017098452555834
0.7146683255910238,-0.7952401234998118,0.2879850876597028
0.21973365132140285,1.290536077094707,0.1793896553222732
-0.2979081525761675,1.4106804889110613,-0.1920137559183893
0.9988989423479767,0.01782459911340985,0.10027162880448115
0.023899238565033388,0.404228997304454,0.16695253639465185
1.0984832198818597,-0.450491793195529,0.020186232247053987
0.4095190154589228,0.3119217353640056,-0.1840738780298398
-0.9400853912566853,0.6268019688886858,0.1942541587061085
0.23061696120830638,-1.0900698880826931,0.24090444045728848
1.8175509591472334,-0.11286081140360249,0.907374096961532
-0.2065499918892301,-0.9810078519474191,-0.07815769478604129
0.22679164862077528,-0.6797381819589939,0.060187512073157756
1.489194065344717,-0.3331360892053104,0.74538282373566
-1.6861142271355198,-0.9569451465269964,-0.7142580685870781
-1.9961078450490073,0.23326354502765592,-0.8186671375586037
1.0379132495665202,-0.5402866625893116,-0.004033846338548114
-0.6855745384329615,-0.5531367526344304,-0.5253790755967336
0.18619697763571022,-0.5226338801946631,0.01919614519669393
1.6428780582173257,-0.017358361872038795,0.3166904216499739
-0.3583436685449312,0.7344037219730465,-0.38053241892053474
-0.15407156528097327,2.522845538699525,0.11369541602979513
2.0599452706556107,0.17422683911953846,0.10221171297104165
1.8347886678049157,-0.3560772151719894,0.6801480886134856
0.05759769830034887,1.269555780851114,0.5505503967932573
-0.9702839561295841,-0.49422666388631986,-0.4024175184107045
0.31679503458859914,-0.17220669682882087,-0.6188263342745035
1.1589386384408191,-1.5356331861880435,-0.3231879468280866
1.1731339173489357,0.2292486665906347,0.30060415360948745
-0.39520219324253214,-0.04542368867037233,-0.13736423718777913
1.2299600242234723,0.0928233385495835,0.4585950554468791
-1.525475309629964,0.3972762697748764,-0.6155201469851619
-1.4167521532836893,-0.7080333325697911,-0.6154104641417995
1.5246346912185305,0.20841306350073555,0.6122683909832072
0.9449429864949138,0.716520175957288,0.24171164564235573
0.19132743916812772,-2.3405417379764253,-0.08950566554716272
0.24258861628346137,0.640852430568706,0.01812922926730029
1.1004837253911646,0.12101884449349223,0.24786271887218772
-1.3142916948461543,-0.524095218316699,-0.1836516478070825
-1.1795799713699813,-0.11834455457342587,0.2555206698820198
-0.6733330903772119,0.6998531765113312,-0.204585980524929
1.3665095250164034,1.3682556022695276,0.5064073194520966
0.4075895065476633,-1.0806036653041435,-0.30778825036998825
0.6014729894093884,0.6889607086046291,0.24509241876290633
-0.17418929901201963,-1.0941674858791028,0.5933166472496376
0.49232376434038855,0.50224002599344,0.18325938725130708
-1.2700257958872458,0.41483713121768206,-0.006736560291634497
1.3531286687842785,0.7060454838448559,0.23061901996498835
-1.1062590624343622,0.32007993976902166,-0.15746849482299718
0.17846163546869892,-0.8897219416625645,0.025765607272746315
0.22617740034818212,1.11366212820633,-0.15125248463675278
0.6535534092424793,0.9663160434891648,0.3689548423628212
1.528605586546926,-1.3927627827190996,-0.0231420228179951
1.6124641572678238,1.4352537038009703,1.0753279464500298
-1.0792645169387476,0.5229918984930937,-1.0205989569077314
0.5049166389762598,-0.12268090319520324,0.24857376611490106
0.09153892640400478,-0.03409787939161091,0.163998111321548
-0.2023906774137341,2.2135853073586103,0.1358987696895383
-0.463396662979755,0.8072411140428991,-0.35336407660385044
-0.8151550791606714,-0.23000576553654936,-0.3883184726334762
0.8388955293177733,-1.1799442344691617,-0.23401216972404096
-0.11120720575676285,0.3775047760602632,0.28283508476995234
1.7211312959864018,-0.7848424381715094,0.7213776106233315
-1.5612436535735166,0.1713067994405742,0.164568273899243
-0.7613304186943618,-1.1933728346266985,0.25129191436673226
-0.25599363264547925,-0.180528580003806,-0.06255644454900115
-1.3403174579662105,0.17655838369868443,-0.1716711479422705
1.2719916727475866,0.24504147902286455,0.31750530741954897
-0.17687072117069963,0.7412306826942271,0.34007046421720544
-0.7309041956191217,-0.342722740127333,-0.06085040603430604
-1.4117824668053698,-0.5364412711159035,-0.34384132038571363
-0.1891616029475524,-0.35061735161329716,-0.2426500894267346
0.18873873706294111,0.0661728628444228,0.1426734128126156
-0.02332273923845561,-0.044299220993727975,-0.3507974837395679
1.4098199926325112,0.7497885824560971,0.5975922884115016
0.9364600937382968,-0.38126674686502465,0.2560098885732441
0.5132479323711691,0.4040272940288647,0.1065029745061164
-0.5131738017866676,-0.1326418614813768,-0.2096878239732875
-0.4896483998052646,0.08908180842438154,-0.024338505110159253
-0.04234349042073906,0.6042730551770843,-0.03106849275667206
0.03382345423314707,0.5719795813409306,0.1606954026287996
0.6719385980555261,1.1646147227716488,0.14547894613476725
2.224545896377154,1.3383652323908968,0.622165599787208
-0.37434092930964025,0.2221462709710216,-0.35224155368963006
0.867783148611601,0.09343363061373464,0.6159765855814086
-0.8624803782098858,2.763677957112681,-0.17696427717669982
0.13617331981759823,0.04608980984122416,0.20560774707216947
0.06900053467151333,-0.23232158228109892,0.4356249997362332
-1.249006670934237,-0.1085671123135996,-0.09942920756431387
0.26468228472469124,-0.8420539052381069,-0.5194571499280831
-1.4754355689596705,1.8539578191403867,-1.079566128577536
0.9639869011294782,-0.28743463011455944,-0.09961455680727996
1.013766067333504,-0.9177107170688352,0.271353815584814
-0.7398290798256218,-0.050428336557130735,-0.23961303206546491
-0.26561830485519294,-0.3701645745112052,-0.008946800442683298
0.05631400683982951,0.9054212172410496,0.3979211879228258
0.8605737166147612,-0.4644614293921055,0.07392759357578033
-0.2034931587415738,-0.5446555883956414,0.3424405228992486
0.7010532595662701,0.6389735007616503,0.4358316018703008
-0.09062998485625459,-0.22243824974019433,0.41476818026112033
-1.463788518333318,1.3041575170903539,0.18658833601255967
-2.2587753281067315,-0.5562631841442315,-0.4547235922734336
1.6776391341605847,-1.3518217217570287,0.19683972698174806
0.1304658574138176,-1.4772336959724093,0.08526700968600165
-0.6128654820031562,-0.6055634000820158,0.06781363530179735
-0.06022209569259841,-1.083725294259358,-0.673248847433837
-0.790425391108226,2.0966510541879146,0.4049128892861425
-0.6204358747970872,1.3012100753691096,0.36054465338439734
0.8502819779251163,-0.5808908906497382,0.4449490799156953
-0.6480290335247474,1.0490163148976968,-0.1678427547612361
2.0217658477009626,-1.9197535797431708,0.6444067312442666
-0.2831080933591049,1.7103098006734736,0.9004741671345473
-0.3500433252324159,0.443501388312297,0.0012966159452732946
-0.06462248901006924,-0.7585418740912284,0.2988060301208833
1.247745926598132,1.2316582211118565,0.4106670215747037
0.4270272295835591,1.5733071279988098,0.13506874822965925
-0.7371150005670598,0.4439584609953368,-0.43933828532361185
-0.24069099503378785,1.5121394150761496,-0.43083799648309107
1.06828302391814,-2.5033897091606456,-0.5784111247378949
-1.4242334135544759,0.16555935702885016,-0.5276384442951572
-0.6557400385206464,0.9369604393226347,0.20750698541105195
0.864104402471774,0.9355172020536279,-0.4911486927778167
-0.596151426842913,0.8964585150919602,-0.40276604675769667
-0.7259905810755026,1.6200843990657392,-0.05742858397518728
0.7445236014862383,-1.4704453833080524,-0.4010674993278768
-1.8856328980135497,0.7343767033955635,-0.14342885824298324
0.4409620091641546,-1.4766341869981026,0.08047283188685796
0.9541878840273681,-0.013364096188593518,0.19091684466735298
0.32495560155273695,0.6716192699490184,0.6125780009140505
0.07994394496888671,1.7944096284331221,0.5169762066158182
-0.5200318508717156,0.7606560547722495,-0.02521485115055013
-0.41105594920833527,0.2685193672668423,-0.23810654658047792
0.23977967587114382,-1.149287072298936,-0.534622063276794
-2.948163010468295,0.8101223887637103,0.03452173707891759
-0.37428902711557366,0.4260568961535695,0.5207238431641094
-1.7753973319655592,0.40862734217441776,-0.3289498546537271
0.2038458428257108,-0.1270616312327501,0.29600124395476074
-2.425050232122498,1.894860438726708,-1.0224492423855285
0.027382003434595046,0.39759061822796327,0.6694724899099431
1.6799863792693372,-0.33173128007128516,-0.02316818192250425
1.5124972805792565,-0.6050969375632943,0.2552992479833442
-1.6532437743320758,0.9393997579365722,-0.39755199755083004
-1.1646647854384748,0.17939352025677643,0.06617950786831842
-0.3761959127384,0.5503261689098671,0.007209459264617593
-0.5737910014165081,-0.7655668134598606,-0.2796144020855536
